Workbook
Name ChkDate: Control_Panel!$C$5
Name Tol: Control_Panel!$C$8

Sheet README
A1: PART RECONCILE — BOT Reconciliation Tool (Prototype v0.2)
A2: ตรวจ Transaction ของ A1_System (1_A / 1_B) เทียบ Product Database (D/O/C) ครบถ้วน-ถูกต้อง ตาม Data Transaction Date | v0.2: ครบ 21 Sets + Key Prep + 3 Match Patterns + เทียบ CCY/Amount/Date
B4: 1) การ Reconcile 2 มุมมอง (ต่อ 1 Match Key)
B5: • มุม1 A1→DB : มีใน A1 แต่ไม่มีใน Database = EXTRA in A1 (บันทึกเกิน)
B6: • มุม2 DB→A1 : มีใน Database แต่ไม่มีใน A1 = MISSING in A1 (บันทึกขาด)
B7: • Key ตรงกันทั้งคู่ → เทียบ Compare Fields (CCY + Amount + Date) ถ้าต่าง = AMOUNT/VALUE MISMATCH
B8: • ไม่รวมยอด (no SUM) — จับคู่รายบรรทัดด้วย Match Key | ผลลัพธ์ ERROR ผูกกับ Key → นำกลับไปแก้ที่ A1_System (ไฟล์ 1_Bxxx)
B10: 1.5) กระบวนการ Mapping มาตรฐาน 4 Step (ต่อคู่ Main ⇄ Map File — ดูชีท Mapping_Steps)
B11: Step1 Filter (กรองแถว) → Step2 Key Map (สร้างคีย์ Ref+อื่นๆ) → Step3 Reconcile (เทียบ Date/CCY/Amount) → Step4 Result(Main)/Return(Map→1_B)
B12: แต่ละ Set = Main (Source#1) เทียบกับ Map File #1..#n ทีละคู่
B14: 2) Match Patterns 3 แบบ (กำหนดต่อ Set ในชีท Recon_Rules)
B15: แบบ 1 Direct map : จับคู่ตรงด้วย Match Key แล้วเทียบ Compare Fields
B16: แบบ 2 Direct + Condition : กรองเงื่อนไขก่อน (เช่น Product/Transaction Type, Settle status) แล้วจึงจับคู่
B17: แบบ 3 Map + Back-check : จับคู่ผ่านสายโซ่ แล้วย้อนกลับไปตรวจ Main Source (สำหรับ chain 3-4 ขั้น)
... B34: 6) คำอธิบายสี (Legend)
C35: ช่องกรอก/แก้ไข (Input/Config)
C36: OK / ตรงกัน
C37: MISSING in A1 (บันทึกขาด)
C38: EXTRA in A1 (บันทึกเกิน)
C39: VALUE MISMATCH (ค่าไม่ตรง)

Sheet Control_Panel
A1: CONTROL PANEL — พารามิเตอร์การรัน
A2: กรอกช่องสีเหลือง — ใช้เป็นตัวกรอง Col.Filter (วันที่/หน่วยงาน) ของทุกไฟล์
B4: พารามิเตอร์ | C4: ค่า (กรอก) | D4: คำอธิบาย
B5: Data Transaction Date | C5: 2026-05-30 | D5: วันที่ Transaction ที่ตรวจ (Data Set Date/TRADE_DATE/Settlement Date/Date)
B6: Department Code | C6: 0123 | D6: รหัสหน่วยงาน (Dept Code/DEPT CODE)
B7: Product to run | C7: ALL | D7: D / O / C / ALL
B8: Amount tolerance | C8: 0 | D8: ผลต่างจำนวนเงินที่ยอมรับ (0 = ตรงเป๊ะ)
B10: สถานะรวม (ดู Recon_Summary)
B11: จำนวน Set ที่พบ Error | C11: =COUNTIF(Recon_Summary!$I$5:$I$25,"ERROR*")

Sheet Recon_Summary
A1: RECON SUMMARY — Dashboard สรุปทุก Set (21 Sets)
A2: หนึ่งแถว/Set | สีแดง = พบ Error ต้องแก้ | Pattern = วิธีจับคู่ | Set D1-1 คำนวณสดจาก Sample_Data, Set อื่น = Pending (รอโหลดข้อมูล)
A4: Product | B4: Cat | C4: Set | D4: Chain (Database ⇄ A1_System) | E4: Trans.Map | F4: Pattern | G4: MISSING in A1 | H4: EXTRA in A1 | I4: VALUE MISMATCH | J4: Overall Status
A5: D | B5: D1 | C5: 1 | D5: 2_D001 ⇄ 1_A009 ⇄ 1_B009 | E5: 1 : 1 : n | F5: 2 Direct+Cond | G5: =COUNTIF(Recon_Detail!$K$6:$K$10,"MISSING in A1") | H5: =COUNTIF(Recon_Detail!$K$6:$K$10,"EXTRA in A1") | I5: =COUNTIF(Recon_Detail!$K$6:$K$10,"VALUE MISMATCH") | J5: =IF(SUM(G5:I5)=0,"OK","ERROR — "&SUM(G5:I5)&" รายการ")
A6: D | B6: D1 | C6: 2 | D6: 2_D001 ⇄ 1_A005 ⇄ 1_B002 | E6: 1 : 1 : n | F6: 1 Direct | G6: - | H6: - | I6: - | J6: Pending data
A7: D | B7: D1 | C7: 3 | D7: 2_D001 ⇄ 1_A001 ⇄ 1_B003 | E7: 1 : 1,2 : n | F7: 2 Direct+Cond | G7: - | H7: - | I7: - | J7: Pending data
A8: D | B8: D1 | C8: 4 | D8: 2_D001 ⇄ 1_A002 ⇄ 1_B004 | E8: 1 : 1 : n | F8: 1 Direct | G8: - | H8: - | I8: - | J8: Pending data
A9: D | B9: D2 | C9: 5 | D9: 2_D002 ⇄ 1_A003 ⇄ 2_D001 ⇄ 1_B006 | E9: 1 : 1 : 1 : n | F9: 3 Map+Back-check | G9: - | H9: - | I9: - | J9: Pending data
A10: D | B10: D3 | C10: 6 | D10: 2_D003 ⇄ 1_A001 ⇄ 1_B003 | E10: 1 : 1 : n | F10: 2 Direct+Cond | G10: - | H10: - | I10: - | J10: Pending data
A11: D | B11: D3 | C11: 7 | D11: 2_D003 ⇄ 1_A002 ⇄ 1_B004 | E11: 1 : 1 : n | F11: 2 Direct+Cond | G11: - | H11: - | I11: - | J11: Pending data
A12: D | B12: D3 | C12: 8 | D12: 2_D003 ⇄ 1_A004 ⇄ 1_B001 | E12: 1 : 1 : n | F12: 2 Direct+Cond | G12: - | H12: - | I12: - | J12: Pending data
A13: D | B13: D3 | C13: 9 | D13: 2_D003 ⇄ 1_A005 ⇄ 1_B002 | E13: 1 : 1 : n | F13: 2 Direct+Cond | G13: - | H13: - | I13: - | J13: Pending data
A14: D | B14: D3 | C14: 10 | D14: 2_D003 ⇄ 1_A008 ⇄ 1_B008 | E14: 1 : 1 : n | F14: 2 Direct+Cond | G14: - | H14: - | I14: - | J14: Pending data
A15: D | B15: D3 | C15: 11 | D15: 2_D003 ⇄ 1_A006 ⇄ 1_B005 | E15: 1 : n : n | F15: 2 Direct+Cond | G15: - | H15: - | I15: - | J15: Pending data
A16: D | B16: D3 | C16: 12 | D16: 2_D003 ⇄ 2_D004 ⇄ 2_D005 ⇄ 1_A005 | E16: n : 1 : 1 : ? | F16: 3 Map+Back-check | G16: - | H16: - | I16: - | J16: Pending data
A17: O | B17: O1 | C17: 1 | D17: 3_O001 ⇄ 1_A007 ⇄ 1_B007 | E17: 1 : 1 : n | F17: 1 Direct | G17: - | H17: - | I17: - | J17: Pending data
... A25: C | B25: C1 | C25: 3 | D25: 1_A008 ⇄ 1_B008 | E25: 1 : n | F25: 1 Direct | G25: - | H25: - | I25: - | J25: Pending data

Sheet Recon_Rules
A1: RECON RULES — สเปกการจับคู่ต่อ Set (อ่านได้โดย Engine / AI / คน)
A2: หัวใจของเครื่องมือ: กำหนดต่อ Set ว่าใช้ Pattern ใด, Match Key อะไร, เตรียมคีย์ (Key Prep) อย่างไร, เทียบ field ใด, เงื่อนไข/Back-check | ช่องเหลือง = แก้ไขได้ (ค่า default โปรดยืนยัน)
A4: Set ID | B4: Chain | C4: Trans.Map | D4: Match Pattern | E4: Match Key Fields | F4: DB Key (raw) | G4: DB Key Prep | H4: A1 Key (raw) | I4: A1 Key Prep | J4: Compare Fields | K4: Extra Condition (P2) | L4: Back-check Source (P3) | M4: Notes
A5: D1-1 | B5: 2_D001 ⇄ 1_A009 ⇄ 1_B009 | C5: 1 : 1 : n | D5: 2 Direct+Cond | E5: Ref (TRADE_REF=FI Arr No) | F5: TRADE_REF | G5: AS_IS | H5: FI Arrangement Number + CMF CODE | I5: REGEX("C\d+") (เช่น KT…C0001→C0001) | J5: CCY + Amount + Date | K5: PRODUCT_TYPE in scope | L5: - | M5: ตัวอย่าง live ใน Recon_Detail
A6: D1-2 | B6: 2_D001 ⇄ 1_A005 ⇄ 1_B002 | C6: 1 : 1 : n | D6: 1 Direct | E6: Ref (FI Arr No) | F6: TRADE_REF | G6: AS_IS | H6: FI Arrangement Number | I6: AS_IS | J6: CCY + Buy/Sell Amount + Date | K6: - | L6: -
A7: D1-3 | B7: 2_D001 ⇄ 1_A001 ⇄ 1_B003 | C7: 1 : 1,2 : n | D7: 2 Direct+Cond | E7: Ref (FI Arr No) | F7: TRADE_REF | G7: AS_IS | H7: FI Arrangement Number | I7: AS_IS | J7: CCY + Original Amount + Date | K7: Leg Type (1,2) | L7: -
A8: D1-4 | B8: 2_D001 ⇄ 1_A002 ⇄ 1_B004 | C8: 1 : 1 : n | D8: 1 Direct | E8: Ref (Arr Number) | F8: TRADE_REF | G8: AS_IS | H8: Arrangement Number | I8: AS_IS | J8: CCY + Original Amount + Date | K8: - | L8: -
A9: D2-5 | B9: 2_D002 ⇄ 1_A003 ⇄ 2_D001 ⇄ 1_B006 | C9: 1 : 1 : 1 : n | D9: 3 Map+Back-check | E9: Ref (FI Arr No) | F9: FI Arrangement Number | G9: AS_IS | H9: FI Arrangement Number | I9: AS_IS | J9: CCY + Amount + Date | K9: - | L9: 2_D001 (Main Source)
A10: D3-6 | B10: 2_D003 ⇄ 1_A001 ⇄ 1_B003 | C10: 1 : 1 : n | D10: 2 Direct+Cond | E10: Ref + CCY + Amount | F10: Ref + CCY + Amount + CMF Code | G10: AS_IS | H10: FI Arrangement Number | I10: AS_IS | J10: CCY + Amount + Date | K10: Type / Settle status | L10: -
A11: D3-7 | B11: 2_D003 ⇄ 1_A002 ⇄ 1_B004 | C11: 1 : 1 : n | D11: 2 Direct+Cond | E11: Ref + CCY + Amount | F11: Ref + CCY + Amount + CMF Code | G11: AS_IS | H11: Arrangement Number | I11: AS_IS | J11: CCY + Amount + Date | K11: Type / Settle status | L11: -
A12: D3-8 | B12: 2_D003 ⇄ 1_A004 ⇄ 1_B001 | C12: 1 : 1 : n | D12: 2 Direct+Cond | E12: Ref + CCY + Amount | F12: Ref + CCY + Amount + CMF Code | G12: AS_IS | H12: Arr Number | I12: AS_IS | J12: CCY + Amount + Date | K12: Type / Settle status | L12: -
A13: D3-9 | B13: 2_D003 ⇄ 1_A005 ⇄ 1_B002 | C13: 1 : 1 : n | D13: 2 Direct+Cond | E13: Ref + CCY + Amount | F13: Ref + CCY + Amount + CMF Code | G13: AS_IS | H13: FI Arrangement Number | I13: AS_IS | J13: CCY + Amount + Date | K13: Type / Settle status | L13: -
A14: D3-10 | B14: 2_D003 ⇄ 1_A008 ⇄ 1_B008 | C14: 1 : 1 : n | D14: 2 Direct+Cond | E14: Ref + CCY + Amount | F14: Ref + CCY + Amount + CMF Code | G14: AS_IS | H14: Reference Transaction Number | I14: AS_IS | J14: CCY + Amount + Date | K14: Transaction Type | L14: -
A15: D3-11 | B15: 2_D003 ⇄ 1_A006 ⇄ 1_B005 | C15: 1 : n : n | D15: 2 Direct+Cond | E15: Ref + Type + CCY + Amount | F15: Ref + CCY + Amount + CMF Code | G15: AS_IS | H15: FI Arrangement Number | I15: AS_IS | J15: CCY + Amount + Date | K15: Type | L15: -
A16: D3-12 | B16: 2_D003 ⇄ 2_D004 ⇄ 2_D005 ⇄ 1_A005 | C16: n : 1 : 1 : ? | D16: 3 Map+Back-check | E16: Ref (CMF/Trans Ref) | F16: Ref + CCY + Amount + CMF Code | G16: AS_IS | H16: FI Arrangement Number | I16: AS_IS | J16: CCY + Current Principal | K16: - | L16: 2_D004 + 2_D005
A17: O1-1 | B17: 3_O001 ⇄ 1_A007 ⇄ 1_B007 | C17: 1 : 1 : n | D17: 1 Direct | E17: Ref (FI Arr No) | F17: FI Arrangement Number | G17: AS_IS | H17: FI Arrangement Number | I17: AS_IS | J17: CCY + Premium Amount + Date | K17: - | L17: -
... A25: C1-3 | B25: 1_A008 ⇄ 1_B008 | C25: 1 : n | D25: 1 Direct | E25: Ref (Ref.No.) | F25: Reference Transaction Number | G25: AS_IS | H25: Reference Transaction Number | I25: AS_IS | J25: CCY + Amount | K25: - | L25: -
A27: Key Prep DSL: AS_IS | LEFT(n) | RIGHT(n) | MID(start,len) | AFTER("x") | BEFORE("x") | REGEX("pattern") | CONCAT(f1,f2) Pattern: 1 Direct / 2 Direct+Cond / 3 Map+Back-check

Sheet Mapping_Steps
A1: MAPPING STEPS — กระบวนการ Mapping มาตรฐาน 4 Step (ต่อคู่ Main File ⇄ Map File)
A2: แต่ละ Set ทำทีละคู่: Main (Source#1) เทียบกับ Map File #1..#n | Step1 Filter → Step2 Key Map → Step3 Reconcile → Step4 Result(Main)/Return(Map) | ไฟล์ 1_Bxxx = ที่เขียนผล Return
A4: Set ID | B4: Pairing (Main ⇄ Map #k) | C4: Step1 Filter — Main | D4: Step1 Filter — Map | E4: Step2 Key Map — Main | F4: Step2 Key Map — Map | G4: Step3 Reconcile (หลัง Normalize) | H4: Step4 Result → Return (Output)
A5: D1-1 | B5: 2_D001 ⇄ 1_A009 (#1) | C5: PRODUCT_TYPE, TRADE_DATE | D5: Data Set Date | E5: TRADE_REF | F5: FI Arrangement Number + CMF CODE | G5: Date + CCY + Amount + อื่นๆ | H5: Result(Main) / Return → 1_B009
A6: D1-2 | B6: 2_D001 ⇄ 1_A005 (#1) | C6: PRODUCT_TYPE, TRADE_DATE | D6: DEPT CODE, System Id, Data Set Date | E6: TRADE_REF | F6: FI Arrangement Number | G6: Date + CCY + Amount + อื่นๆ | H6: Result(Main) / Return → 1_B002
A7: D1-3 | B7: 2_D001 ⇄ 1_A001 (#1) | C7: PRODUCT_TYPE, TRADE_DATE | D7: DEPT CODE, System ID, Data Set Date | E7: TRADE_REF | F7: FI Arrangement Number | G7: Date + CCY + Amount + อื่นๆ | H7: Result(Main) / Return → 1_B003
A8: D1-4 | B8: 2_D001 ⇄ 1_A002 (#1) | C8: PRODUCT_TYPE, TRADE_DATE | D8: DEPT CODE, Data Set Date | E8: TRADE_REF | F8: Arrangement Number | G8: Date + CCY + Amount + อื่นๆ | H8: Result(Main) / Return → 1_B004
A9: D2-5 | B9: 2_D002 ⇄ 1_A003 (#1) | C9: Data Set Date | D9: Data Set Date | E9: FI Arrangement Number | F9: FI Arrangement Number | G9: Date + CCY + Amount + อื่นๆ | H9: Result(Main) / Return → 1_B006
A10: D2-5 | B10: 2_D002 ⇄ 2_D001 (#2) | C10: Data Set Date | D10: PRODUCT_TYPE, TRADE_DATE | E10: FI Arrangement Number | F10: TRADE_REF | G10: Date + CCY + Amount + อื่นๆ | H10: Result(Main) / Return → 1_B006
A11: D3-6 | B11: 2_D003 ⇄ 1_A001 (#1) | C11: Date, CP Name, Type, Settle/Unsettle | D11: DEPT CODE, System ID, Data Set Date | E11: Ref + CCY + Amount + CMF Code | F11: FI Arrangement Number | G11: Date + CCY + Amount + อื่นๆ | H11: Result(Main) / Return → 1_B003
A12: D3-7 | B12: 2_D003 ⇄ 1_A002 (#1) | C12: Date, CP Name, Type, Settle/Unsettle | D12: DEPT CODE, Data Set Date | E12: Ref + CCY + Amount + CMF Code | F12: Arrangement Number | G12: Date + CCY + Amount + อื่นๆ | H12: Result(Main) / Return → 1_B004
A13: D3-8 | B13: 2_D003 ⇄ 1_A004 (#1) | C13: Date, CP Name, Type, Settle/Unsettle | D13: Dept Code, Data Set Date | E13: Ref + CCY + Amount + CMF Code | F13: Arr Number | G13: Date + CCY + Amount + อื่นๆ | H13: Result(Main) / Return → 1_B001
A14: D3-9 | B14: 2_D003 ⇄ 1_A005 (#1) | C14: Date, CP Name, Type, Settle/Unsettle | D14: DEPT CODE, System Id, Data Set Date | E14: Ref + CCY + Amount + CMF Code | F14: FI Arrangement Number | G14: Date + CCY + Amount + อื่นๆ | H14: Result(Main) / Return → 1_B002
A15: D3-10 | B15: 2_D003 ⇄ 1_A008 (#1) | C15: Date, CP Name, Type, Settle/Unsettle | D15: Dept Code, System Id, Data Set Date | E15: Ref + CCY + Amount + CMF Code | F15: Reference Transaction Number | G15: Date + CCY + Amount + อื่นๆ | H15: Result(Main) / Return → 1_B008
... A29: C1-2 | B29: 1_A008 ⇄ 4_C003 (#2) | C29: Dept Code, System Id, Data Set Date | D29: Settlement Date, Status | E29: Reference Transaction Number | F29: Currency + Accrued Int | G29: Date + CCY + Amount + อื่นๆ | H29: Result(Main) / Return → (compare only)
A31: Step1 Filter = กรองแถวในขอบเขต (วันที่/Dept/System/Type/Status) • Step2 Key Map = สร้างคีย์ (Ref + อื่นๆ) พร้อม Key Prep • Step3 Reconcile = เทียบ Date+CCY+Amount(+อื่นๆ) หลัง Normalize (ดู Field_Format) • Step4 = ฝั่ง Main ได้ "Result: Reconcile", ฝั่ง Map เขียน "Return: Reconcile" (ERROR Message) กลับไฟล์ 1_Bxxx

Sheet Recon_Detail
A1: RECON DETAIL — Set D1-1 (Pattern 1) | จับคู่ Prepped Key, เทียบค่าหลัง Normalize (CCY + Amount(ABS) + Date(ISO))
A2: ค่า Amount/Date ที่แสดง = หลัง Normalize แล้ว (Amount=ABS, Date=dd/mm/yyyy มาตรฐาน Tool) | Field Diff บอก field ที่ไม่ตรงจริง | ERROR Message → นำกลับไปแก้ที่ A1_System (ไฟล์ 1_B009)
A5: Match Key | B5: In DB? | C5: In A1? | D5: DB CCY | E5: A1 CCY | F5: DB Amount (norm) | G5: A1 Amount (norm) | H5: DB Date (dd/mm/yyyy) | I5: A1 Date (dd/mm/yyyy) | J5: Field Diff | K5: Result / Status | L5: ERROR Message (→ fix in A1_System)
A6: C0001 | B6: =IF(COUNTIF(Sample_Data!$B$6:$B$9,A6)>0,"YES","NO") | C6: =IF(COUNTIF(Sample_Data!$M$6:$M$9,A6)>0,"YES","NO") | D6: =IFERROR(INDEX(Sample_Data!$C$6:$C$9,MATCH(A6,Sample_Data!$B$6:$B$9,0)),"") | E6: =IFERROR(INDEX(Sample_Data!$J$6:$J$9,MATCH(A6,Sample_Data!$M$6:$M$9,0)),"") | F6: =IFERROR(INDEX(Sample_Data!$F$6:$F$9,MATCH(A6,Sample_Data!$B$6:$B$9,0)),"") | G6: =IFERROR(INDEX(Sample_Data!$N$6:$N$9,MATCH(A6,Sample_Data!$M$6:$M$9,0)),"") | H6: =IFERROR(TEXT(DATEVALUE(INDEX(Sample_Data!$G$6:$G$9,MATCH(A6,Sample_Data!$B$6:$B$9,0))),"dd/mm/yyyy"),"") | I6: =IFERROR(TEXT(DATEVALUE(INDEX(Sample_Data!$O$6:$O$9,MATCH(A6,Sample_Data!$M$6:$M$9,0))),"dd/mm/yyyy"),"") | J6: =IF(AND(B6="YES",C6="YES"),TRIM(IF(D6<>E6,"CCY ","")&IF(ABS(F6-G6)>Tol,"Amount ","")&IF(H6<>I6,"Date ","")),"") | K6: =IF(AND(B6="YES",C6="NO"),"MISSING in A1",IF(AND(B6="NO",C6="YES"),"EXTRA in A1",IF(J6<>"","VALUE MISMATCH","OK / Matched"))) | L6: =IF(K6="MISSING in A1","มีใน Database แต่ขาดใน A1_System — บันทึกเพิ่มที่ A1_System",IF(K6="EXTRA in A1","พบใน A1_System แต่ไม่มีใน Database — ตรวจ/ลบรายการเกินที่ A1_System",IF(K6="VALUE MISMATCH","ค่าไม่ตรง ["&J6&"] DB(CCY="&D6&",Amt="&TEXT(F6,"#,##0")&",Dt="&H6&") vs A1(CCY="&E6&",Amt="&TEXT(G6,"#,##0")&",Dt="&I6&") — แก้ที่ A1_System","")))
A7: C0002 | B7: =IF(COUNTIF(Sample_Data!$B$6:$B$9,A7)>0,"YES","NO") | C7: =IF(COUNTIF(Sample_Data!$M$6:$M$9,A7)>0,"YES","NO") | D7: =IFERROR(INDEX(Sample_Data!$C$6:$C$9,MATCH(A7,Sample_Data!$B$6:$B$9,0)),"") | E7: =IFERROR(INDEX(Sample_Data!$J$6:$J$9,MATCH(A7,Sample_Data!$M$6:$M$9,0)),"") | F7: =IFERROR(INDEX(Sample_Data!$F$6:$F$9,MATCH(A7,Sample_Data!$B$6:$B$9,0)),"") | G7: =IFERROR(INDEX(Sample_Data!$N$6:$N$9,MATCH(A7,Sample_Data!$M$6:$M$9,0)),"") | H7: =IFERROR(TEXT(DATEVALUE(INDEX(Sample_Data!$G$6:$G$9,MATCH(A7,Sample_Data!$B$6:$B$9,0))),"dd/mm/yyyy"),"") | I7: =IFERROR(TEXT(DATEVALUE(INDEX(Sample_Data!$O$6:$O$9,MATCH(A7,Sample_Data!$M$6:$M$9,0))),"dd/mm/yyyy"),"") | J7: =IF(AND(B7="YES",C7="YES"),TRIM(IF(D7<>E7,"CCY ","")&IF(ABS(F7-G7)>Tol,"Amount ","")&IF(H7<>I7,"Date ","")),"") | K7: =IF(AND(B7="YES",C7="NO"),"MISSING in A1",IF(AND(B7="NO",C7="YES"),"EXTRA in A1",IF(J7<>"","VALUE MISMATCH","OK / Matched"))) | L7: =IF(K7="MISSING in A1","มีใน Database แต่ขาดใน A1_System — บันทึกเพิ่มที่ A1_System",IF(K7="EXTRA in A1","พบใน A1_System แต่ไม่มีใน Database — ตรวจ/ลบรายการเกินที่ A1_System",IF(K7="VALUE MISMATCH","ค่าไม่ตรง ["&J7&"] DB(CCY="&D7&",Amt="&TEXT(F7,"#,##0")&",Dt="&H7&") vs A1(CCY="&E7&",Amt="&TEXT(G7,"#,##0")&",Dt="&I7&") — แก้ที่ A1_System","")))
A8: C0003 | B8: =IF(COUNTIF(Sample_Data!$B$6:$B$9,A8)>0,"YES","NO") | C8: =IF(COUNTIF(Sample_Data!$M$6:$M$9,A8)>0,"YES","NO") | D8: =IFERROR(INDEX(Sample_Data!$C$6:$C$9,MATCH(A8,Sample_Data!$B$6:$B$9,0)),"") | E8: =IFERROR(INDEX(Sample_Data!$J$6:$J$9,MATCH(A8,Sample_Data!$M$6:$M$9,0)),"") | F8: =IFERROR(INDEX(Sample_Data!$F$6:$F$9,MATCH(A8,Sample_Data!$B$6:$B$9,0)),"") | G8: =IFERROR(INDEX(Sample_Data!$N$6:$N$9,MATCH(A8,Sample_Data!$M$6:$M$9,0)),"") | H8: =IFERROR(TEXT(DATEVALUE(INDEX(Sample_Data!$G$6:$G$9,MATCH(A8,Sample_Data!$B$6:$B$9,0))),"dd/mm/yyyy"),"") | I8: =IFERROR(TEXT(DATEVALUE(INDEX(Sample_Data!$O$6:$O$9,MATCH(A8,Sample_Data!$M$6:$M$9,0))),"dd/mm/yyyy"),"") | J8: =IF(AND(B8="YES",C8="YES"),TRIM(IF(D8<>E8,"CCY ","")&IF(ABS(F8-G8)>Tol,"Amount ","")&IF(H8<>I8,"Date ","")),"") | K8: =IF(AND(B8="YES",C8="NO"),"MISSING in A1",IF(AND(B8="NO",C8="YES"),"EXTRA in A1",IF(J8<>"","VALUE MISMATCH","OK / Matched"))) | L8: =IF(K8="MISSING in A1","มีใน Database แต่ขาดใน A1_System — บันทึกเพิ่มที่ A1_System",IF(K8="EXTRA in A1","พบใน A1_System แต่ไม่มีใน Database — ตรวจ/ลบรายการเกินที่ A1_System",IF(K8="VALUE MISMATCH","ค่าไม่ตรง ["&J8&"] DB(CCY="&D8&",Amt="&TEXT(F8,"#,##0")&",Dt="&H8&") vs A1(CCY="&E8&",Amt="&TEXT(G8,"#,##0")&",Dt="&I8&") — แก้ที่ A1_System","")))
A9: C0004 | B9: =IF(COUNTIF(Sample_Data!$B$6:$B$9,A9)>0,"YES","NO") | C9: =IF(COUNTIF(Sample_Data!$M$6:$M$9,A9)>0,"YES","NO") | D9: =IFERROR(INDEX(Sample_Data!$C$6:$C$9,MATCH(A9,Sample_Data!$B$6:$B$9,0)),"") | E9: =IFERROR(INDEX(Sample_Data!$J$6:$J$9,MATCH(A9,Sample_Data!$M$6:$M$9,0)),"") | F9: =IFERROR(INDEX(Sample_Data!$F$6:$F$9,MATCH(A9,Sample_Data!$B$6:$B$9,0)),"") | G9: =IFERROR(INDEX(Sample_Data!$N$6:$N$9,MATCH(A9,Sample_Data!$M$6:$M$9,0)),"") | H9: =IFERROR(TEXT(DATEVALUE(INDEX(Sample_Data!$G$6:$G$9,MATCH(A9,Sample_Data!$B$6:$B$9,0))),"dd/mm/yyyy"),"") | I9: =IFERROR(TEXT(DATEVALUE(INDEX(Sample_Data!$O$6:$O$9,MATCH(A9,Sample_Data!$M$6:$M$9,0))),"dd/mm/yyyy"),"") | J9: =IF(AND(B9="YES",C9="YES"),TRIM(IF(D9<>E9,"CCY ","")&IF(ABS(F9-G9)>Tol,"Amount ","")&IF(H9<>I9,"Date ","")),"") | K9: =IF(AND(B9="YES",C9="NO"),"MISSING in A1",IF(AND(B9="NO",C9="YES"),"EXTRA in A1",IF(J9<>"","VALUE MISMATCH","OK / Matched"))) | L9: =IF(K9="MISSING in A1","มีใน Database แต่ขาดใน A1_System — บันทึกเพิ่มที่ A1_System",IF(K9="EXTRA in A1","พบใน A1_System แต่ไม่มีใน Database — ตรวจ/ลบรายการเกินที่ A1_System",IF(K9="VALUE MISMATCH","ค่าไม่ตรง ["&J9&"] DB(CCY="&D9&",Amt="&TEXT(F9,"#,##0")&",Dt="&H9&") vs A1(CCY="&E9&",Amt="&TEXT(G9,"#,##0")&",Dt="&I9&") — แก้ที่ A1_System","")))
A10: C0005 | B10: =IF(COUNTIF(Sample_Data!$B$6:$B$9,A10)>0,"YES","NO") | C10: =IF(COUNTIF(Sample_Data!$M$6:$M$9,A10)>0,"YES","NO") | D10: =IFERROR(INDEX(Sample_Data!$C$6:$C$9,MATCH(A10,Sample_Data!$B$6:$B$9,0)),"") | E10: =IFERROR(INDEX(Sample_Data!$J$6:$J$9,MATCH(A10,Sample_Data!$M$6:$M$9,0)),"") | F10: =IFERROR(INDEX(Sample_Data!$F$6:$F$9,MATCH(A10,Sample_Data!$B$6:$B$9,0)),"") | G10: =IFERROR(INDEX(Sample_Data!$N$6:$N$9,MATCH(A10,Sample_Data!$M$6:$M$9,0)),"") | H10: =IFERROR(TEXT(DATEVALUE(INDEX(Sample_Data!$G$6:$G$9,MATCH(A10,Sample_Data!$B$6:$B$9,0))),"dd/mm/yyyy"),"") | I10: =IFERROR(TEXT(DATEVALUE(INDEX(Sample_Data!$O$6:$O$9,MATCH(A10,Sample_Data!$M$6:$M$9,0))),"dd/mm/yyyy"),"") | J10: =IF(AND(B10="YES",C10="YES"),TRIM(IF(D10<>E10,"CCY ","")&IF(ABS(F10-G10)>Tol,"Amount ","")&IF(H10<>I10,"Date ","")),"") | K10: =IF(AND(B10="YES",C10="NO"),"MISSING in A1",IF(AND(B10="NO",C10="YES"),"EXTRA in A1",IF(J10<>"","VALUE MISMATCH","OK / Matched"))) | L10: =IF(K10="MISSING in A1","มีใน Database แต่ขาดใน A1_System — บันทึกเพิ่มที่ A1_System",IF(K10="EXTRA in A1","พบใน A1_System แต่ไม่มีใน Database — ตรวจ/ลบรายการเกินที่ A1_System",IF(K10="VALUE MISMATCH","ค่าไม่ตรง ["&J10&"] DB(CCY="&D10&",Amt="&TEXT(F10,"#,##0")&",Dt="&H10&") vs A1(CCY="&E10&",Amt="&TEXT(G10,"#,##0")&",Dt="&I10&") — แก้ที่ A1_System","")))

Sheet Sample_Data
A1: SAMPLE DATA — Set D1-1 (2_D001 ⇄ 1_A009): Key Prep + Date/Number Normalization
A2: DB เก็บวันที่เป็น NUMBER(yyyymmdd) | A1 เก็บเป็น TEXT(dd/mm/yyyy) | จำนวนเงินมีเครื่องหมายลบต่างกัน → ต้อง Normalize ก่อนเทียบ | คอลัมน์เขียว = ค่าหลัง Normalize (canonical ISO / ABS)
B4: ตาราง A : Database 2_D001 (TRADE_DATE = NUMBER yyyymmdd) | I4: ตาราง B : A1_System 1_A009 (Data Set Date = TEXT dd/mm/yyyy) — คอลัมน์เขียว = Prep/Normalize
B5: TRADE_REF (Key) | C5: CCY | D5: Amount (raw) | E5: TRADE_DATE (raw) | F5: Norm Amt (ABS) | G5: Norm Date (ISO) | I5: Raw Key | J5: CCY | K5: Amount (raw) | L5: Date (raw text) | M5: Prepped Key | N5: Norm Amt (ABS) | O5: Norm Date (ISO)
B6: C0001 | C6: USD | D6: 1000000 | E6: 20260530 | F6: =ABS(D6) | G6: =TEXT(DATE(INT(E6/10000),INT(MOD(E6,10000)/100),MOD(E6,100)),"yyyy-mm-dd") | I6: KT20260530C0001 | J6: USD | K6: -1000000 | L6: 30/05/2026 | M6: =MID(I6,FIND("C",I6),100) | N6: =ABS(K6) | O6: =TEXT(DATE(VALUE(RIGHT(L6,4)),VALUE(MID(L6,4,2)),VALUE(LEFT(L6,2))),"yyyy-mm-dd")
B7: C0002 | C7: USD | D7: 2000000 | E7: 20260530 | F7: =ABS(D7) | G7: =TEXT(DATE(INT(E7/10000),INT(MOD(E7,10000)/100),MOD(E7,100)),"yyyy-mm-dd") | I7: KT20260530C0002 | J7: USD | K7: 2050000 | L7: 30/05/2026 | M7: =MID(I7,FIND("C",I7),100) | N7: =ABS(K7) | O7: =TEXT(DATE(VALUE(RIGHT(L7,4)),VALUE(MID(L7,4,2)),VALUE(LEFT(L7,2))),"yyyy-mm-dd")
B8: C0003 | C8: EUR | D8: 1500000 | E8: 20260530 | F8: =ABS(D8) | G8: =TEXT(DATE(INT(E8/10000),INT(MOD(E8,10000)/100),MOD(E8,100)),"yyyy-mm-dd") | I8: KT20260530C0003 | J8: EUR | K8: 1500000 | L8: 29/05/2026 | M8: =MID(I8,FIND("C",I8),100) | N8: =ABS(K8) | O8: =TEXT(DATE(VALUE(RIGHT(L8,4)),VALUE(MID(L8,4,2)),VALUE(LEFT(L8,2))),"yyyy-mm-dd")
B9: C0004 | C9: JPY | D9: 3000000 | E9: 20260530 | F9: =ABS(D9) | G9: =TEXT(DATE(INT(E9/10000),INT(MOD(E9,10000)/100),MOD(E9,100)),"yyyy-mm-dd") | I9: KT20260530C0005 | J9: GBP | K9: 800000 | L9: 30/05/2026 | M9: =MID(I9,FIND("C",I9),100) | N9: =ABS(K9) | O9: =TEXT(DATE(VALUE(RIGHT(L9,4)),VALUE(MID(L9,4,2)),VALUE(LEFT(L9,2))),"yyyy-mm-dd")
B12: Normalize ก่อนเทียบ: C0001 = OK (DB amt 1,000,000 vs A1 -1,000,000 → ABS ตรง; วันที่คนละ format → ISO ตรง) | C0002 = MISMATCH(Amount จริง) | C0003 = MISMATCH(Date จริง 29 vs 30) | C0004 = MISSING in A1 | C0005 = EXTRA in A1

Sheet Field_Format
A1: FIELD FORMAT — แผนที่ Normalize ค่า Date & Number ต่อ (Source, Field)
A2: Tool มาตรฐาน: Date = dd/mm/yyyy (internal canonical = ISO yyyy-mm-dd) | Number = ตัวเลขล้วน (ABS/แยกเครื่องหมาย) | Engine ต้อง Normalize ค่าให้เป็น canonical ก่อนเทียบทุกครั้ง | ช่องเหลือง = config โปรดยืนยัน, ⚠️ = ค่า default
A4: Source | B4: Field | C4: Logical Role | D4: Source Format (raw) ⚠️ | E4: Normalization Rule ⚠️ | F4: Compare As (canonical) | G4: Example (raw → canonical) | H4: Notes
A5: 2_D001 | B5: TRADE_DATE | C5: Date | D5: NUMBER : yyyymmdd | E5: PARSE_DATE → ISO | F5: ISO yyyy-mm-dd (แสดง dd/mm/yyyy) | G5: 20260530 → 2026-05-30 | H5: live demo
A6: 2_D002 | B6: Data Set Date | C6: Date | D6: DATE ⚠️ | E6: PARSE_DATE → ISO | F6: ISO yyyy-mm-dd (แสดง dd/mm/yyyy) | G6: — → 2026-05-30 | H6: ยืนยัน format จริงของไฟล์
A7: 2_D003 | B7: Date | C7: Date | D7: DATE ⚠️ | E7: PARSE_DATE → ISO | F7: ISO yyyy-mm-dd (แสดง dd/mm/yyyy) | G7: — → 2026-05-30 | H7: ยืนยัน format จริงของไฟล์
A8: 3_O001 | B8: Arrangement Contract Date | C8: Date | D8: DATE ⚠️ | E8: PARSE_DATE → ISO | F8: ISO yyyy-mm-dd (แสดง dd/mm/yyyy) | G8: — → 2026-05-30 | H8: ยืนยัน format จริงของไฟล์
A9: 3_O003 | B9: Date | C9: Date | D9: DATE ⚠️ | E9: PARSE_DATE → ISO | F9: ISO yyyy-mm-dd (แสดง dd/mm/yyyy) | G9: — → 2026-05-30 | H9: ยืนยัน format จริงของไฟล์
A10: 4_C002 | B10: Settlement Date | C10: Date | D10: DATE ⚠️ | E10: PARSE_DATE → ISO | F10: ISO yyyy-mm-dd (แสดง dd/mm/yyyy) | G10: — → 2026-05-30 | H10: ยืนยัน format จริงของไฟล์
A11: 4_C003 | B11: Settlement Date | C11: Date | D11: DATE ⚠️ | E11: PARSE_DATE → ISO | F11: ISO yyyy-mm-dd (แสดง dd/mm/yyyy) | G11: — → 2026-05-30 | H11: ยืนยัน format จริงของไฟล์
A12: 1_A001 | B12: Data Set Date | C12: Date | D12: DATE ⚠️ | E12: PARSE_DATE → ISO | F12: ISO yyyy-mm-dd (แสดง dd/mm/yyyy) | G12: — → 2026-05-30 | H12: ยืนยัน format จริงของไฟล์
A13: 1_A002 | B13: Data Set Date | C13: Date | D13: DATE ⚠️ | E13: PARSE_DATE → ISO | F13: ISO yyyy-mm-dd (แสดง dd/mm/yyyy) | G13: — → 2026-05-30 | H13: ยืนยัน format จริงของไฟล์
A14: 1_A003 | B14: Data Set Date | C14: Date | D14: DATE ⚠️ | E14: PARSE_DATE → ISO | F14: ISO yyyy-mm-dd (แสดง dd/mm/yyyy) | G14: — → 2026-05-30 | H14: ยืนยัน format จริงของไฟล์
A15: 1_A004 | B15: Data Set Date | C15: Date | D15: DATE ⚠️ | E15: PARSE_DATE → ISO | F15: ISO yyyy-mm-dd (แสดง dd/mm/yyyy) | G15: — → 2026-05-30 | H15: ยืนยัน format จริงของไฟล์
... A27: (any) | B27: Amount (str) | C27: Number | D27: TEXT : "1,000.00" | E27: STRIP(",$ ") + DEC(2) | F27: ตัวเลข | G27: "1,000.00" → 1000 | H27: ตัดคั่นหลักพัน/สัญลักษณ์
A29: Date Source Format tokens: DATE | NUMBER:yyyymmdd | NUMBER:ddmmyyyy | TEXT:dd/mm/yyyy | TEXT:mm/dd/yyyy | TEXT:yyyy-mm-dd | TEXT:dd-mmm-yy | TEXT:dd-mmm-yyyy
A30: Number Normalization tokens: RAW | ABS | NEG | SIGN_BY("field",map) | PAREN_NEG | TRAIL_NEG | STRIP("chars") | DEC(n) | ROUND(n) หมายเหตุ: yy → ปี (pivot 20yy ถ้า yy<50) , mmm = ชื่อเดือนอังกฤษ (Jan..Dec)

Sheet Map_Config
A1: MAP CONFIG — แผนผัง Reconcile (จาก 1_Flow_Map) + Key/Date ของ Source#1
A2: สายการตรวจ Source#1→#4, Pattern, Key Mapping & คอลัมน์วันที่ (จาก 3_DataSource)
A4: Product | B4: Cat | C4: Set | D4: Source#1 | E4: Source#2 | F4: Source#3 | G4: Source#4 | H4: Trans.Map | I4: Pattern | J4: Key (S#1) | K4: Date Filter (S#1) | L4: Database | M4: A1_System / Output
A5: D | B5: D1 | C5: 1 | D5: 2_D001 | E5: 1_A009 | F5: 1_B009 | H5: 1 : 1 : n | I5: 2 Direct+Cond | J5: TRADE_REF | K5: TRADE_DATE | L5: 2_D001 | M5: 1_A009, 1_B009
A6: D | B6: D1 | C6: 2 | D6: 2_D001 | E6: 1_A005 | F6: 1_B002 | H6: 1 : 1 : n | I6: 1 Direct | J6: TRADE_REF | K6: TRADE_DATE | L6: 2_D001 | M6: 1_A005, 1_B002
A7: D | B7: D1 | C7: 3 | D7: 2_D001 | E7: 1_A001 | F7: 1_B003 | H7: 1 : 1,2 : n | I7: 2 Direct+Cond | J7: TRADE_REF | K7: TRADE_DATE | L7: 2_D001 | M7: 1_A001, 1_B003
A8: D | B8: D1 | C8: 4 | D8: 2_D001 | E8: 1_A002 | F8: 1_B004 | H8: 1 : 1 : n | I8: 1 Direct | J8: TRADE_REF | K8: TRADE_DATE | L8: 2_D001 | M8: 1_A002, 1_B004
A9: D | B9: D2 | C9: 5 | D9: 2_D002 | E9: 1_A003 | F9: 2_D001 | G9: 1_B006 | H9: 1 : 1 : 1 : n | I9: 3 Map+Back-check | J9: FI Arrangement Number | K9: Data Set Date | L9: 2_D002, 2_D001 | M9: 1_A003, 1_B006
A10: D | B10: D3 | C10: 6 | D10: 2_D003 | E10: 1_A001 | F10: 1_B003 | H10: 1 : 1 : n | I10: 2 Direct+Cond | J10: Ref + CCY + Amount + CMF Code | K10: Date | L10: 2_D003 | M10: 1_A001, 1_B003
A11: D | B11: D3 | C11: 7 | D11: 2_D003 | E11: 1_A002 | F11: 1_B004 | H11: 1 : 1 : n | I11: 2 Direct+Cond | J11: Ref + CCY + Amount + CMF Code | K11: Date | L11: 2_D003 | M11: 1_A002, 1_B004
A12: D | B12: D3 | C12: 8 | D12: 2_D003 | E12: 1_A004 | F12: 1_B001 | H12: 1 : 1 : n | I12: 2 Direct+Cond | J12: Ref + CCY + Amount + CMF Code | K12: Date | L12: 2_D003 | M12: 1_A004, 1_B001
A13: D | B13: D3 | C13: 9 | D13: 2_D003 | E13: 1_A005 | F13: 1_B002 | H13: 1 : 1 : n | I13: 2 Direct+Cond | J13: Ref + CCY + Amount + CMF Code | K13: Date | L13: 2_D003 | M13: 1_A005, 1_B002
A14: D | B14: D3 | C14: 10 | D14: 2_D003 | E14: 1_A008 | F14: 1_B008 | H14: 1 : 1 : n | I14: 2 Direct+Cond | J14: Ref + CCY + Amount + CMF Code | K14: Date | L14: 2_D003 | M14: 1_A008, 1_B008
A15: D | B15: D3 | C15: 11 | D15: 2_D003 | E15: 1_A006 | F15: 1_B005 | H15: 1 : n : n | I15: 2 Direct+Cond | J15: Ref + CCY + Amount + CMF Code | K15: Date | L15: 2_D003 | M15: 1_A006, 1_B005
A16: D | B16: D3 | C16: 12 | D16: 2_D003 | E16: 2_D004 | F16: 2_D005 | G16: 1_A005 | H16: n : 1 : 1 : ? | I16: 3 Map+Back-check | J16: Ref + CCY + Amount + CMF Code | K16: Date | L16: 2_D003, 2_D004, 2_D005 | M16: 1_A005
A17: O | B17: O1 | C17: 1 | D17: 3_O001 | E17: 1_A007 | F17: 1_B007 | H17: 1 : 1 : n | I17: 1 Direct | J17: FI Arrangement Number | K17: Arrangement Contract Date | L17: 3_O001 | M17: 1_A007, 1_B007
A18: O | B18: O1 | C18: 2 | D18: 3_O001 | E18: 1_A005 | F18: 1_B002 | H18: 1 : 1 : n | I18: 1 Direct | J18: FI Arrangement Number | K18: Arrangement Contract Date | L18: 3_O001 | M18: 1_A005, 1_B002
A19: O | B19: O1 | C19: 3 | D19: 3_O001 | E19: 1_A001 | F19: 3_O003 | G19: 1_B003 | H19: 1 : 1 : 1 : n | I19: 3 Map+Back-check | J19: FI Arrangement Number | K19: Arrangement Contract Date | L19: 3_O001, 3_O003 | M19: 1_A001, 1_B003
A20: O | B20: O1 | C20: 4 | D20: 3_O001 | E20: 1_A002 | F20: 1_B004 | H20: 1 : 1 : n | I20: 1 Direct | J20: FI Arrangement Number | K20: Arrangement Contract Date | L20: 3_O001 | M20: 1_A002, 1_B004
A21: O | B21: O2 | C21: 5 | D21: 3_O002 | E21: 1_A005 | F21: 1_B002 | H21: 1 : 2 : n | I21: 2 Direct+Cond | J21: OptionNum | K21: (none) | L21: 3_O002 | M21: 1_A005, 1_B002
A22: O | B22: O3 | C22: 6 | D22: 3_O003 | E22: 1_A008 | F22: 1_B008 | H22: 1 : 1 : n | I22: 1 Direct | J22: CompositeOptSeqNum | K22: Date | L22: 3_O003 | M22: 1_A008, 1_B008
A23: C | B23: C1 | C23: 1 | D23: 1_A008 | E23: 4_C001 | H23: 1 : 2 | I23: 2 Direct+Cond | J23: Reference Transaction Number | K23: Data Set Date | L23: 4_C001 | M23: 1_A008
A24: C | B24: C1 | C24: 2 | D24: 1_A008 | E24: 4_C002 | F24: 4_C003 | H24: 1 : 1 : 1 | I24: 3 Map+Back-check | J24: Reference Transaction Number | K24: Data Set Date | L24: 4_C002, 4_C003 | M24: 1_A008
A25: C | B25: C1 | C25: 3 | D25: 1_A008 | E25: 1_B008 | H25: 1 : n | I25: 1 Direct | J25: Reference Transaction Number | K25: Data Set Date | M25: 1_A008, 1_B008

Sheet Source_Config
A1: SOURCE CONFIG — เฉพาะ Field ที่จำเป็นของแต่ละไฟล์ (จาก 3_DataSource, Flag=Y)
A2: Date Filter (กรองวันที่) + Key Mapping (คีย์เชื่อม) + จำนวนคอลัมน์ Select | ไฟล์ 1_Bxxx = ไฟล์ผลลัพธ์ ERROR (key+message)
A4: Group | B4: Source / File | C4: Date Filter Column | D4: Key Mapping Column(s) | E4: # Cols Selected | F4: Role
A5: Database D | B5: 2_D001 | C5: TRADE_DATE | D5: TRADE_REF | E5: 15 | F5: ฐานข้อมูล D
A6: Database D | B6: 2_D002 | C6: Data Set Date | D6: FI Arrangement Number | E6: 52 | F6: ฐานข้อมูล D
A7: Database D | B7: 2_D003 | C7: Date | D7: Ref + CCY + Amount + CMF Code | E7: 8 | F7: ฐานข้อมูล D
A8: Database D | B8: 2_D004 | C8: (none) | D8: (none) | E8: 5 | F8: ฐานข้อมูล D
A9: Database D | B9: 2_D005 | C9: (none) | D9: (none) | E9: 5 | F9: ฐานข้อมูล D
A10: Database O | B10: 3_O001 | C10: Arrangement Contract Date | D10: FI Arrangement Number | E10: 15 | F10: ฐานข้อมูล O
A11: Database O | B11: 3_O002 | C11: (none) | D11: OptionNum | E11: 13 | F11: ฐานข้อมูล O
A12: Database O | B12: 3_O003 | C12: Date | D12: CompositeOptSeqNum | E12: 6 | F12: ฐานข้อมูล O
A13: Database C | B13: 4_C001 | C13: (none) | D13: Transaction No + DR/CR | E13: 0 | F13: ฐานข้อมูล C
A14: Database C | B14: 4_C002 | C14: Settlement Date | D14: Ccy + Notional | E14: 2 | F14: ฐานข้อมูล C
A15: Database C | B15: 4_C003 | C15: Settlement Date | D15: Currency + Accrued Int | E15: 2 | F15: ฐานข้อมูล C
A16: A1_System (main) | B16: 1_A001 | C16: Data Set Date | D16: FI Arrangement Number | E16: 9 | F16: ระบบที่ตรวจ (เกิน/ขาด)
... A33: A1_System (ERROR output) | B33: 1_B009 | C33: (none) | D33: Fi Arrangement Number | E33: 2 | F33: ไฟล์ผลลัพธ์ ERROR

Sheet Open_Questions
A1: OPEN QUESTIONS — สิ่งที่ยืนยันแล้ว & ที่ยังรอข้อมูล
A2: ข้อ 1-4 = ยืนยันแล้วจาก feedback | ข้อ 5+ = ยังรอเพื่อทำ Production
B4: # | C4: ประเด็น | D4: สรุป / สถานะ
B5: 1 | C5: Key mapping ข้ามไฟล์ | D5: ✓ คีย์ธุรกิจเดียวกัน + บาง Source ต้อง Prep ก่อน (เช่น KT…C123→C123) → ใช้ Key Prep DSL
B6: 2 | C6: เทียบค่า | D6: ✓ CCY+Amount+Date เป็นหลัก + บาง Set มีเงื่อนไขเพิ่ม (Product/Transaction type) → 3 Patterns
B7: 3 | C7: Cardinality 'n' | D7: ✓ จับคู่ด้วย Match Key (ไม่รวมยอด); key มีหลายแบบ Ref / Ref+CCY+Amount / Ref+Type+CCY+Amount
B8: 4 | C8: ขอบเขต | D8: ✓ ครบ 21 Sets + รองรับ chain 3-4 ขั้น (Pattern 3 Map+Back-check)
B9: 5 | C9: Pattern/Compare ต่อ Set | D9: ⧖ ค่าใน Recon_Rules เป็น default โปรดยืนยัน/แก้ (โดยเฉพาะ Set ที่ตั้ง Pattern 2/3)
B10: 6 | C10: Key Prep rule จริงต่อ Source | D10: ⧖ ต้องการรูปแบบคีย์ดิบจริงของแต่ละไฟล์ (โดยเฉพาะที่ต้อง Prep) เพื่อเขียน DSL ให้ตรง
B11: 7 | C11: Pattern 3 back-check | D11: ⧖ ระบุว่าย้อนไปตรวจ field ใดที่ Main Source (เช่น D2-5→2_D001, O1-3→3_O003, C1-2→4_C003)
B12: 8 | C12: Date/Number Format ต่างกัน | D12: ✓ มีชีท Field_Format จัดการ Normalize (Date→ISO/dd/mm/yyyy, Number→ABS/SIGN_BY) — แต่ต้องยืนยัน format ดิบจริงต่อ field
B13: 9 | C13: ข้อมูลตัวอย่างจริง | D13: ⧖ ขอไฟล์จริง 1-2 ไฟล์ เพื่อ map คอลัมน์ + เขียน engine (Excel/Power Query/Python) ให้รันครบทุก Set
